username,password
pa001,pa001
pa002,pa002
pa003,pa003
pa004,pa004
pa005,pa005
pa006,pa006
pa007,pa007
pa008,pa008
pa009,pa009
pa010,pa010
pa011,pa011
pa012,pa012
pa013,pa013
pa014,pa014
pa015,pa015
pa016,pa016
pa017,pa017
pa018,pa018
pa019,pa019
pa020,pa020
pa021,pa021
pa022,pa022
pa023,pa023
pa024,pa024
pa025,pa025
pa026,pa026
pa027,pa027
pa028,pa028
pa029,pa029
pa030,pa030
pa031,pa031
pa032,pa032
pa033,pa033
pa034,pa034
pa035,pa035
pa036,pa036
pa037,pa037
pa038,pa038
pa039,pa039
pa040,pa040
pa041,pa041
pa042,pa042
pa043,pa043
pa044,pa044
pa045,pa045
pa046,pa046
pa047,pa047
pa048,pa048
pa049,pa049
pa050,pa050
pa051,pa051
pa052,pa052
pa053,pa053
pa054,pa054
pa055,pa055
pa056,pa056
pa057,pa057
pa058,pa058
pa059,pa059
pa060,pa060
pa061,pa061
pa062,pa062
pa063,pa063
pa064,pa064
pa065,pa065
pa066,pa066
pa067,pa067
pa068,pa068
pa069,pa069
pa070,pa070
pa071,pa071
pa072,pa072
pa073,pa073
pa074,pa074
pa075,pa075
pa076,pa076
pa077,pa077
pa078,pa078
pa079,pa079
pa080,pa080
pa081,pa081
pa082,pa082
pa083,pa083
pa084,pa084
pa085,pa085
pa086,pa086
pa087,pa087
pa088,pa088
pa089,pa089
pa090,pa090
pa091,pa091
pa092,pa092
pa093,pa093
pa094,pa094
pa095,pa095
pa096,pa096
pa097,pa097
pa098,pa098
pa099,pa099
pa100,pa100
